会社名,概要,郵便番号,住所,設立年度,資本金等,代表者,URL,売上,従業員数
株式会社サクラ美装 ,株式会社オールインイーストは個人向けのハウスクリーニング・ハウスキーパーから法人向けのマンション・アパート・ビル定期清掃を運営する会社である。女性スタッフが多く在籍しており、セットで申し込むとお得なパックプランも用意している。厚生省認可による社団法人全国ハウスクリーニング協会認定企業としてハイクオリティーな技術と知識を持っている。, 〒 963-8071 , 福島県郡山市富久山町久保田字水口31-1 , - ,-,櫻井　明美,http://www.alloneeast.com/,-,-
株式会社サロンジエ ,株式会社サロンジエはアパレル製品の企画・製造・販売等を行う会社である。エプロンやハンカチーフ、バッグ等の小物類の製造を実施。全国の百貨店やチェーンストア、専門店への卸販売を行う。主な取り扱いブランドは「Campion」「CROCODILE」「Blanc de Salon」「GIANNI VALENTINO」等。, 〒 963-0832 , 福島県郡山市中田町中津川字町田前241-1 , 1967/10/24 ,"86,000,000円",竹間 正男,http://www.salonge.co.jp/, 10億～100億  , 101名～300名  
株式会社コントラクトサービス ,株式会社コントラクトサービスは関東・東北地方で業務請負業・人材派遣業を運営する会社である。入社前教育、マナー教育、安全教育（KYT、不安全行動、冬期安全運転教育等）、QC（品質）教育などの教育訓練をしている。サービス内容は製造組立、ライン作業、加工作業、検査作業、研究開発、CADオペレーション、特殊整備オペレーション、ピッキング作業、倉庫内仕分け、一般事務、受付案内などがある。, 〒 963-8041 , 福島県郡山市富田町字愛宕前78番地の2山一富田ビル303号 , 2012/6/15 ,"10,000,000円",山田 将信,http://contract-s.com/,-,-
キュアホーム株式会社 ,キュアホーム株式会社は訪問介護、居宅介護支援を運営する会社である。関連会社は、株式会社蔭山工務店、藤寿産業株式会社である。訪問介護サービスは介護保険・医療保険共に利用可能で、休日・夜間の緊急時にも対応できるよう24時間体制が整っている。また理学療法士、作業療法士などの専門的なリハビリテーションを提供している。, 〒 963-0725 , 福島県郡山市田村町金屋上川原286-12 , 2013/8 ,"5,000,000円",蔭山　寿一,http://cure-home.com/, ～1億  , 6～10名  
株式会社シンワ・プランニング ,株式会社シンワ・プランニングは、メーカー製造請負事業を手掛けている会社である。福島県郡山市に本社を構え、製造メーカーの工場内業務請負を主な事業としている。顧客企業と綿密な打合せと試算を重ねて各工程ごとに契約しており、責任者と社員が工場に常勤し、製造から検査・出荷までを行っている。主な取引先には、上場製造メーカーなどがある。, 〒 963-0207 , 福島県郡山市鳴神3-58-2 , 1987/1/8 ,"42,000,000円",遠藤　勝栄,http://www.sinwa-p.com/index.html, 1億～3億  , 31名～100名 
株式会社ツールマート ,株式会社ツールマートは、物流機器を販売したり、レイアウト設計を手掛けている会社である。顧客企業からの様々なニーズに応え、工場や物流の現場などに役立つ商品をいち早く提供しており、アフターサービスも行われている。スチール製パレットや運搬台車、フォークリフト用の安全機器やエンジン洗浄機などの商品を取り扱っている。, 〒 963-0531 , 福島県郡山市日和田町高倉大口原18-90 , 2012/6/1 ,"5,000,000円",四家 英彦,http://www.toolmart.jp/, 3億～10億  , 6～10名  
株式会社ＦＥＣＥ ,株式会社FECEは、国産車や輸入車の買い取りや販売、自動車関連車両のリース販売を行う会社である。また、自動車の整備や鈑金塗装も請け負うほか、1日車検、自動車部品やアクセサリー販売、取り付けも行っている。その他、ソフト開発や自社開発パッケージソフト販売などのIT事業や、床や壁、ガラスなどの施設特殊加工やコーティングなども請け負っている。, 〒 963-0725 , 福島県郡山市田村町金屋マセ口42-1 , 2010/5 ,"3,000,000円",白石 進,http://www.fece.jp/index.html, 1億～3億  , 11名～30名  
株式会社ニッセイＳＩ ,株式会社ニッセイSIは、測量機器の販売とレンタルの会社である。昭和63年に郡山市で設立された。計測機器の販売と修理、測量業務け・建設業務けの各種システム、土木施工管理システムなどが主な事業内容である。事務用品・オフィス用備品・OA機器の販売も行っている。主な取引先は、建設システム、コンピュータシステム研究所などである。, 〒 963-0201 , 福島県郡山市大槻町北八耕地9-1 , 1988/7 ,"10,000,000円",君島 敦,http://nissay-si.co.jp/, 1億～3億  , 1～5名  
みのり工房株式会社遠藤海苔店 ,みのり工房株式会社遠藤海苔店は、茶専門店や贈答品店、冠婚葬祭業様を中心に幅広い商品供給を行っている会社である。東北6県をメインに営業を行いに関東や北海道と広範囲に及び積極的な業務活動の展開を続けている。またお気軽にご利用をいただけるようにwebサイトの運営を手掛けており、全国的なサービス提供を続けている。, 〒 963-0107 , 福島県郡山市安積4丁目142番地 , 1963/11 , 1949/12 ,"50,000,000円","",-, 31名～100名 
ｌｉｎｋｓａｇｅｎｃｙ株式会社 ,linksagency株式会社は、広告代理業を行っている会社である。主な事業内容として、広告代理店業・Web・グラフィック・動画のデザイン制作・企画・総合プロデュースが挙げられる。同社はその中でも、企業イメージを高めるWebのデザイン制作を得意としており、これまで多くの企業を手がけてきた実績を持つ。, 〒 963-8001 , 福島県郡山市大町1-9-13 HD郡山大町ビル6F , 2013/3 ,"5,000,000円",渡邊 万里子,http://links-agency.com/, ～1億  , 1～5名  
有限会社本田京染店 ,有限会社本田京染店は、郡山市にあるオンラインショップ事業を行っている会社である。主な事業として、オンラインショッピングサイト楽天市場において、着物・呉服の販売が挙げられる。また、それぞれに合わせるバッグなどの小物販売や、着物のクリーニング事業もあわせて展開しているため、トータルなサービスを提供することが可能である。, 〒 963-8852 , 福島県郡山市台新2-32-27 , 2000/12 ,"5,000,000円",本田 英郎,https://www.rakuten.co.jp/kimono5298/, 1億～3億  , 1～5名  
ホット・ブレーン株式会社 ,ホット・ブレーン株式会社は、運送業界を中心にリアルタイムGPS運行管理システムを提供している会社である。他社にはないリアルタイムに分析することで、燃費向上に大きく貢献するメリットがある。また、それぞれの企業や業種にあった形で、リアルタイムGPS運行管理システムを提供するために、システムのカスタマイズや導入サポートも提供している。, 〒 963-8025 , 福島県郡山市桑野2丁目4番5号不二ビル102号 , - , 2006/7 ,-,"",-,-
合同会社みんなの健康 ,合同会社みんなの健康は、健康食品を会員向けに販売している会社である。特に免疫関連の商品を得意とし、複数取り扱いがある。商品は聞き覚えのある方も多い、ファストザイムQ10をはじめ、酵素完熟EX・黄金の風・ピュアラクティス・ルンブルの秘密・モモルディシンの奇跡・フェルゴッド・フェルゴッドEXといった、少し風変わりな名称の健康食品である。, 〒 963-0201 , 福島県郡山市大槻町字小山田75番地3サニーIII101号 , 2010/9/13 ,-,山口耕司,http://minken-japan.com/,-,-
福島県訪問看護連絡協議会 ,福島県訪問看護連絡協議会は､病気や障がいのある顧客でも､住み馴れた家で安心して暮らしていけるよう看護師が訪問して自宅での治療､療養をﾊﾞｯｸｱｯﾌﾟする訪問看護を医師､薬剤師､ｹｱﾏﾈｰｼﾞｬｰ､看護師が連携し､地域ぐるみで､顧客とその家族にとっていちばんいいｶﾀﾁの在宅ｹｱを提供している企業である｡, 〒 963-8001 , 福島県郡山市大町2丁目3番26号 , 2019/6 ,-,保 美菜,http://flan.jp/,-,-
ライフサポート株式会社 ,ライフサポート株式会社は、各種クリーニング、家事代行サービスなどを行う会社である。ゴミ処理・不用品片付け、草刈、剪定、立ち木伐採、引越し、水漏れ、詰まり、エアコン脱着、人手不足解消、各種設置作業請負、引越手伝い、スズメバチ等の害虫駆除、解体、家電販売設置、印刷物、ステッカー、折り込みチラシ作成配布、オリジナル会社ロゴ入り玄関マット、看板シート作成貼り替えなども行っている。, 福島県郡山市字名倉351番地2 2F-A ,"", - ,-,-,http://benriya-koriyama.com/,-,-
ｍａｗｔｙ　ｈａｉｒ＋ｍａｋｅ＋ｓｐａ＋ｐｈｏｔｏ＋ｓａｌｏｎ ,mawty　hair＋make＋spa＋photo＋salonは、福島県郡山市にある美容院である。ヘアスタイルの提案や、ハリがない、艶がない、パサつきを感じる、まとまりが悪いなどの髪質の悩みに、「髪質改善オペ」を提供、客から好評を得ている。またReFa（リファ）のカールアイロン・ストレートアイロン・ドライヤーの販売も行っている。, 〒 963-8051 , 福島県郡山市富久山町八山田字向作59-1 , - ,-,-,https://mawty-hair.business.site/,-,-
新菱商事株式会社 ,新菱商事株式会社は、生コンクリートの製造・販売及び建設資材販売を行っている。自社3工場を主に関連生コンクリート工場と連携し、東北一円に供給体制を持つ。地盤改良に欠かせないセメント系固化材や、石灰系固化材、ボックスカルバートやL型擁壁などの二次加工製品も取り扱っている。主な取引先として、中央大手ゼネコン各社・地元建設業各社がある。, 〒 963-0531 , 福島県郡山市日和田町高倉字杉ノ下12番地 , - , 1987/7/14 ,"30,000,000円","",-,-
ライフサポート株式会社 ,ライフサポート株式会社は、各種クリーニング、家事代行サービスなどを行う会社である。ゴミ処理・不用品片付け、草刈、剪定、立ち木伐採、引越し、水漏れ、詰まり、エアコン脱着、人手不足解消、各種設置作業請負、引越手伝い、スズメバチ等の害虫駆除、解体、家電販売設置、印刷物、ステッカー、折り込みチラシ作成配布、オリジナル会社ロゴ入り玄関マット、看板シート作成貼り替えなども行っている。, 福島県郡山市字名倉351番地2 2F-A ,"", - ,-,-,http://benriya-koriyama.com/,-,-
ｍａｗｔｙ　ｈａｉｒ＋ｍａｋｅ＋ｓｐａ＋ｐｈｏｔｏ＋ｓａｌｏｎ ,mawty　hair＋make＋spa＋photo＋salonは、福島県郡山市にある美容院である。ヘアスタイルの提案や、ハリがない、艶がない、パサつきを感じる、まとまりが悪いなどの髪質の悩みに、「髪質改善オペ」を提供、客から好評を得ている。またReFa（リファ）のカールアイロン・ストレートアイロン・ドライヤーの販売も行っている。, 〒 963-8051 , 福島県郡山市富久山町八山田字向作59-1 , - ,-,-,https://mawty-hair.business.site/,-,-
新菱商事株式会社 ,新菱商事株式会社は、生コンクリートの製造・販売及び建設資材販売を行っている。自社3工場を主に関連生コンクリート工場と連携し、東北一円に供給体制を持つ。地盤改良に欠かせないセメント系固化材や、石灰系固化材、ボックスカルバートやL型擁壁などの二次加工製品も取り扱っている。主な取引先として、中央大手ゼネコン各社・地元建設業各社がある。, 〒 963-0531 , 福島県郡山市日和田町高倉字杉ノ下12番地 , - , 1987/7/14 ,"30,000,000円","",-,-
有限会社アキ生花店 ,有限会社アキ生花店は、花束やアレンジメントなどを販売する花屋を経営する会社である。プリザーブドフラワーやスタンド花、供花、生け花祭壇など、あらゆるシーンに花を提供している。観葉植物や増加、花環、ハーバリウムも取り扱っている。店舗販売のほか、インターネット注文にも応じている。毎週日曜日が定休日であるが、母の日は営業している。, 〒 963-0204 , 福島県郡山市土瓜1丁目218番地 , - , 1970/8 ,-,"",-,-
株式会社コスモファ一マ東京 ,株式会社コスモファ一マ東京は調剤薬局の経営などを行う会社である。保険調剤薬局の経営や介護サービスを行っているコスモファーマグループのひとつで、医薬品の販売も手がけている。茨城県、栃木県、群馬県、長野県、東京都などに50店舗を構える。グループ会社に株式会社コスモファーマや株式会社コスモファーマ大阪がある。, 〒 963-8025 , 福島県郡山市桑野3丁目12番2号 , 2007/10 ,"10,000,000円",藤田 愛里,http://www.cosmo-ph.co.jp/aboutus/about/index.html#tokyo, 10億～100億  , 101名～300名  
笹の川酒造株式会社 ,笹の川酒造株式会社は、日本酒や焼酎、ウィスキーなどを製造・販売している会社である。昭和2年に創業し、昭和41年に設立された株式会社で、福島県郡山市笹川に本店を構えている。山口敏子が杜氏を務め、吟醸酒や純米酒などの日本酒を中心に、合成酒、焼酎、ウィスキー、スピリッツ、リキュールなどのお酒を、製造し、販売している。, 〒 963-0108 , 福島県郡山市笹川1-178 , 1966/3 , 1765 ,"90,000,000円","", 3億～10億  , 11名～30名  
株式会社ケアブレーンズ ,株式会社ケアブレーンズは、小規模多機能型介護事業所などを運営している会社である。平成118年8月に設立された株式会社で、福島県郡山市安積荒井本町に本店を構えている。小規模多機能型介護事業を、郡山市内の「なじみ逢瀬」、「なじみ安積」、「なじみ山根」、「なじみ鶴見担」で行うとともに、サービス付き高齢者向け住宅、認知症対応型共同生活介護事業、訪問介護事業を行っている。, 〒 963-0116 , 福島県郡山市安積荒井本町375番地 , 2006/8/10 , 2007/4/10 ,"3,000,000円","",-, 31名～100名 
郡山サッシセンター株式会社 ,郡山サッシセンター株式会社は、サッシや建材などの販売、施工を行っている会社である。平成20年11月に設立された株式会社で、福島県郡山市富久山町久保田字宮田ンに本店を構えている。福島県郡山市を中心としたエリアで営業し、ＬＩＸＩＬや三共立山アルミなどのメーカーのサッシやトラクスやダイキン、旭化成建材などのメーカーの建材、住宅設備などの販売や施工を行っている。, 〒 963-8071 , 福島県郡山市富久山町久保田宮田96-1 , 2008/11/13 ,"30,000,000円",林 隆夫,http://www.fukoku-net.co.jp/ksc/index.html, 3億～10億  , 11名～30名  
清野トーヨー住器株式会社 ,清野トーヨー住器株式会社は、豊富な建材を取扱う企業である。株式会社LIXILのフランチャイズ加盟店として福島県最大規模を誇る。地域一番点を目指し、住宅のささいな修理から新築、リフォームまでを請け負う。サッシやドアの交換、エクステリア、水廻り工事等の様々なニーズに対応可能であり、建築の際には高気密、高断熱、高耐震構造がウリのスーパーウォール工法を推奨している。, 〒 963-8071 , 福島県郡山市富久山町久保田深田10-1 , 1986/4 ,"7,700,000円",鈴木健二,http://www.lixil-madolier.jp/5000133, 3億～10億  , 11名～30名  
株式会社自分流 ,株式会社自分流は、システム開発を行っている会社である。主に自社コンテンツの開発、運用を行っており、企業理念として心技体を掲げている。面白い事の他、気になる事があればどのような事でも全力で取り組む姿勢を貫いている。多角的に考える事により、高度なサービス開発に繋がり、かつ新しい物を生み出すには好奇心が必要という考えのもと、サービス開発に取り組んでいる。, 〒 963-0201 , 福島県郡山市大槻町字柏山37番地の31 , - , 2011/4/1 ,-,"",-,-
ゼビオコーポレート株式会社 ,ゼビオコーポレート株式会社は労働者派遣事業などを手がける会社である。個人に対しては、キャリアカウンセリングや専門教育及び研修などを提供し、就労等の支援を行う。また、企業や組織に対しては、技術者や営業、販売、事務などを行う人材を派遣するほか、総務や人事・採用などのアウトソーシング事業、人材スカウトなども手がける。, 〒 963-8024 , 福島県郡山市朝日3丁目7番7号 , 2004/7/1 ,"30,000,000円",島貫　慶太,https://www.xebio-xbs.jp/index.php,-, 101名～300名  
株式会社パルネット福島 ,株式会社パルネット福島は、auの携帯電話の販売・サ－ビスを提供している会社である。現在auショップを5店舗展開し、県内の法人の皆様に移動・固定通信の活用の提案を行っている。地域密着でサービスを手掛けてとり、顧客の通信の「マルチデバイス」「マルチネットワーク」「マルチユース」の提供を目的として取り組んでいる。, 〒 963-0117 , 福島県郡山市安積1-137 , 1990/12 , 1990/1 ,"10,000,000円","", 10億～100億  , 31名～100名 
東日本損害調査株式会社 ,東日本損害調査株式会社は、東北エリアを中心として損害保険調査・査定及び物損事故における復旧工事を行っている会社である。「迅速、丁寧、安心」をモットーとして顧客のニーズに応え続けており、関東エリアまでを幅広くサポートしている。環境に配慮したサービスと社員一人ひとりの顧客第一のサービスで多くの信頼と実績をもっている。, 〒 963-8835 , 福島県郡山市小原田3丁目8番20号イーストジャパンビル1-D号室 , 2001/7/12 ,"20,000,000円",-,http://www.higashinihon-songaichousa.com/index.html,-, 6～10名  
株式会社ふくしまエナジー ,株式会社ふくしまエナジーは、福島県にて太陽光発電所や風力発電所等の再生可能エネルギーを建設している会社である。使われなくなった用地に太陽光発電システムを設置してエネルギーを豊かにしてり、地主様よりお借りした用地の有効活用のお手伝いをしている。また余っている土地の管理をおこなったりと福島の経済と環境に貢献をしている。, 〒 963-8002 , 福島県郡山市駅前1丁目14番1号増子駅前ビル3階 , - ,-,伊東 貴史,http://fukushimaenergy.co.jp/index.php,-, 11名～30名  
日乃本フィルメント株式会社 ,日乃本フィルメント株式会社は、総合建設コンサルティングを行う会社である。総合建築事業、労働者派遣事業、経営コンサルティング業を手がけている。持続可能な社会と都市形成に向けた取り組みを土木・建築工事の企画設計や施工等を通じて実践する。また建設産業に携わる企業に対しての様々なコンサルティングにも対応している。, 〒 963-0101 , 福島県郡山市安積町日出山三丁目11番地 , 2014/10/1 ,"10,000,000円",塚田　勝広,http://h-fillment.co.jp/, 1億～3億  , 31名～100名 
株式会社東北ペガサス ,"株式会社東北ペガサスは仮設資材および各種建設機械のレンタル・リース、レンタカー事業・中古自動車販売等を行う会社。アルミ合金製軽量可搬式作業台をはじめ、踏み台、高性能台車など、30,000点超える在庫総数を誇り、大規模工事にも対応している。", 〒 963-0547 , 福島県郡山市喜久田町卸3-23 , 1989/10/26 ,"30,000,000円",渡辺 洋,http://toupega.co.jp/, 3億～10億  , 11名～30名  
株式会社ＰＭＣテクニカ ,株式会社PMCテクニカは、様々な職種の仕事を紹介している人材派遣会社である。事務や物流など幅広い職種に人材を派遣しており、大手メーカや商社との取引もある。現在はITソリューション･デバイス事業など新たなアウトソーシングのニーズにも対応している。拠点は福島県だが、埼玉県にも事業所があり関東圏での人材派遣も行なっている。, 〒 963-8025 , 福島県郡山市桑野2丁目39-21 , 1999/10/1 , 1996/2/1 ,"31,000,000円","",-,-
株式会社ひまわりキャリアサービス ,株式会社ひまわりキャリアサービスは、再就職支援事業、就職支援事業、人材関連コンサルティング、有料職業紹介事業、業務請負業などを行っている。また、福島県全域で、就職支援・キャリア育成・企業研修・各種セミナーなども実施している。希望あふれる豊かな人生への支援を通して、生き甲斐と喜びを感じることのできる地域社会づくりに貢献するべく、日々努力している。, 〒 963-8071 , 福島県郡山市富久山町久保田下河原96-3 , 2002/6 ,"20,000,000円",滝本　忠夫,"", ～1億  , 11名～30名  
株式会社バースランド ,株式会社バースランドは宮城県、福島県を中心に建売・注文住宅の設計・施工、不動産の仲介を行う不動産会社である。中古物件買取を行う事業や、物件購入後のアフターフォローやメンテナス、リフォームやリノベーションを行う建築部門もあり不動産に関わる全てを総合的に行っている。また、新規の事業として2017年の夏に匠の宿千家という旅館を福島県にオープンしている。, 〒 963-8016 , 福島県郡山市豊田町4-13 , 2008/3/6 ,"7,000,000円",赤井 宣彦,http://birthland.co.jp/, 3億～10億  , 11名～30名  
有限会社ＮＯＮ　ＶＥＲＳＵＳ ,有限会社NON VERSUSは、インテリアを中心とした小売業を行っている会社である。福島県郡山市に本社を置いている。【インテリアショップvanilla】を運営しており、宇都宮市と郡山市の2店舗とオンラインショップがある。カリモクやイームズなど有名な家具・雑貨を豊富に取り揃えており、オリジナル商品も販売している。, 〒 963-8861 , 福島県郡山市鶴見坦3-13-2 , 2003/12 , 1998 ,"3,000,000円","", 3億～10億  , 11名～30名  
株式会社小田原屋 ,株式会社小田原屋は漬物等の製造販売を業とする会社である｡家庭における漬物とは一線を画した専門家としての漬物製造に注力しており､国産原料を使用し､添加物を極力抑えた商品作りを進めている｡近年は漬物の直営店に加え､地方のﾛｰｶﾙな食品をｾﾚｸﾄして販売する店舗も出店している｡, 〒 963-8071 , 福島県郡山市富久山町久保田字郷花4番地20 , 2019/6 , 1933/11 ,"7,000,000円","",-, 11名～30名  
株式会社タナゴウ ,株式会社タナゴウは、軽貨物事業、インターネット事業を行う会社である。軽貨物事業では、チャーター便、スポット便、ハンドキャリー便、緊急配送、運転代行、引っ越し便、梱包発送、飲食店配達・弁当仕出し配送、屋内・野外作業・チルド・クール便、企業専属、ルート便など、様々な業務に対応している。, 〒 963-8021 , 福島県郡山市桜木2丁目31番9号 , - , 2020/12 ,-,"",-,-
一般社団法人あまのしたワーカーズ ,一般社団法人あまのしたワーカーズは、農産物全般の生産及び加工品の製造販売を行う団体である。休耕地の整備と活用、運用、農産物の貯蔵、運搬及び販売、農業生産に関連する資材の製造販売、農作業の代行、請負、受託、農業体験及び観光農業の推進、飲食店の経営、宿泊業、民泊業の経営、イベントの企画運営及び開催なども行う。, 〒 963-8041 , 福島県郡山市富田町字大徳南17番地6 , - , 2020/12/10 ,-,"",-,-
株式会社エコ東日本 ,株式会社エコ東日本は、水素事業を行う会社である。事業内容は、ファインバブル型水素風呂の販売、業務用水素ミストサウナの販売などを行う水素事業、省エネ・コスト削減のコンサルティング事業、非常用発電機の負荷試験事業などである。特に主力商品であるファインバブル型水素風呂は、ゴルフ場・介護施設などへの事業展開を拡大している。, 〒 963-0107 , 福島県郡山市安積1丁目43番地 , 2004/6 , 2004/6/1 ,"7,000,000円","",-, 1～5名  
株式会社大越工業所 ,株式会社大越工業所は、管工事や水道設備工事などを行う企業である。その他の事業内容は土木や建設工事、建設資材の販売、不動産の賃貸などである。主要取引先は郡山市役所、株式会社フジタ、西松建設株式会社などである。水道設備工事では配管が水漏れすることなく、建造物も長持ちするように、これまでに培ってきた技術を用いて施工している。, 〒 963-0813 , 福島県郡山市芳賀1-6-5 , 1973/5 ,"30,000,000円",大越 健一,http://www.okoshi-k.com/, 10億～100億  , 31名～100名 
株式会社S・S・LINE ,株式会社S・S・LINEは、顧客宅での家具の組み立てサービスを行う企業である。インテリアの専門店からインテリア商品や家具を運んで、住宅内で組み立てから設置までを行っている。福島、山梨、長野、千葉、群馬で事業展開を行っている。, 〒 963-0201 , 福島県郡山市大槻町字室ノ木77番地 , - ,"1,000,000円",長谷川　誠,https://www.ssline77.com/,-, 6～10名  
アプラージュ株式会社 ,アプラージュ株式会社は、水着や下着のインターネット通販を手掛ける企業である。ビキニやラッシュガード、サーフパンツなど豊富な種類の商品を取り扱っており、顧客のニーズに合った商品の販売をしている。デザインに限らず機能性にもこだわった商品で顧客からも高い評価を得ている。また企業向けにアパレルのOEM生産にも取り組んでいる。, 〒 963-0107 , 福島県郡山市安積4丁目203番3号 , 2013/11/18 ,"6,000,000円",菊池 徳彦,http://uplage.co.jp/,-,-
株式会社在宅訪問マッサージ ,株式会社在宅訪問マッサージは、訪問マッサージを行う企業である。主な業務は、麻痺や関節拘縮などの症状があり歩行通院が困難な人や自宅療養をしている人などを対象とした訪問マッサージであり、あん摩マッサージ指圧師の国家資格を持つスタッフが施術を行う。筋力の維持・強化、しびれた筋肉の現状維持、血行の改善などといった効果が期待できる。, 〒 963-0211 , 福島県郡山市片平町字新蟻塚110番地の1 , 1997/6/12 ,"20,000,000円",高橋 克幸,http://zhm.co.jp/index.html, 3億～10億  ,-
郡東運輸株式会社 ,群島運輸株式会社は主に倉庫業務、自動車整備業を行っている会社である。創業当時は北への入り口として東北方面を中心に一般貨物運送事業を行っていたが、Tougun-Groupへの参入を機に事業分割を経て現在の倉庫業務全般、自動車整備業への事業内容へと変更した。本社に加え、倉庫や整備工場を福島県に複数店舗持っており、広々とした環境の中で熱心に仕事を行っている。, 〒 963-0531 , 福島県郡山市日和田町高倉字荒田23番地 , 1966/9 ,"32,000,000円",荻原善光,http://www.tougun-group.co.jp/publics/index/23, 10億～100億  , 31名～100名 
株式会社　コスモメディカルサポート ,株式会社コスモメディカルサポートはショートステイやグループホーム、デイサービスなどの運営に伴う介護福祉事業を行う会社である。大きなコスモファーマグループの中のグループ会社の一つであり、福島県を中心に複数の介護施設を運営・管理している。一人一人へのきめ細やかなサポート、利用者とその家族の良きパートナーとなることを理念とし運営する。, 〒 963-8025 , 福島県郡山市桑野3-12-2 , 2004/11 ,"10,000,000円",水野 淳,http://cosmo-m-s.co.jp/, 10億～100億  , 101名～300名  
郡東エクスプレス株式会社 ,群東エクスプレス株式会社は主に南東北エリアをメインに一般貨物運送事業を展開する会社である。Tougun-Groupが取得した群島運輸株式会社との事業を明確化するために設立された。群島運輸株式会社の歴史と、グループの事業戦略を組み合わせ企業理念である「安信」できる未来を物流の力を使うことによってユーザー一人一人に提供することを目標とする。, 〒 963-0531 , 福島県郡山市日和田町高倉字荒田23番地 , 2009/1 , 1966/9 ,"50,000,000円","",-, 31名～100名 
有限会社会計事務所ＴＡＳＫ ,有限会社会計事務所TASKは企業や個人の税務・会計などの会計に関する業務全般を行っている会社である。会社の立ち上げや決算などの会計処理はもちろんのこと節税や保険の見直し、借入に関することなど金銭にかかわること全般に対応している。県外や遠隔地であってもメールなどで相談が可能。「感謝・情熱・挑戦・努力」を基本理念とし、縁ある人に幸福を運ぶことを信念としている。, 〒 963-8025 , 福島県郡山市桑野3丁目13番5号 , 2005/11/1 , 1983/8/2 ,-,"",-, 11名～30名  
株式会社ジェイバック ,株式会社ジェイバックはもも太郎さんという高齢者向けグループホームの運営などを行う会社である。法人設立は1999年、認知症患者専門の施設を運営しており、介護保険を適用しながらも住居としての役割を果たしている。またその他にデイサービスや高齢者専用の賃貸住宅や訪問介護サービスなど、多岐にわたる福祉サービスを充実させている。, 〒 963-0547 , 福島県郡山市喜久田町卸3丁目24番地 , 1999/8 ,"10,000,000円",平山 浩之,http://www.momotarousan.com/, 10億～100億  , 101名～300名  
株式会社ジェイバック ,株式会社ジェイバックはもも太郎さんという高齢者向けグループホームの運営などを行う会社である。法人設立は1999年、認知症患者専門の施設を運営しており、介護保険を適用しながらも住居としての役割を果たしている。またその他にデイサービスや高齢者専用の賃貸住宅や訪問介護サービスなど、多岐にわたる福祉サービスを充実させている。, 〒 963-0547 , 福島県郡山市喜久田町卸3丁目24番地 , 1999/8 ,"10,000,000円",平山 浩之,http://www.momotarousan.com/, 10億～100億  , 101名～300名  
スタンディ株式会社 ,スタンディ株式会社は障がい者就労支援などの福祉事業を行っている会社である。2017年に設立されたベンチャー企業であり「フクシを、タノシく。」をモットーに障がい者や社会的マイノリティの人々の就労支援事業や生活の支援、福祉事業を展開している。郡山市の事業所の他に福島市内にも就労移行支援の事業所を保有している。, 〒 963-8002 , 福島県郡山市駅前1丁目14番21号 , 2017/10 ,"30,000,000円",吉田 幸宏,http://standy.co.jp/,-, 11名～30名  
株式会社デザイン・ライフ ,株式会社デザイン・ライフは、印刷のデザインや取材、編集を行う会社である。商品名や社名、ロゴマークの開発や会座イン、ポスターやカタログなどの編集や印刷を行っている。また、新聞やテレビ、ラジオのホームページなどのデザイン制作や、各種イベントの企画、サインやディスプレイ制作なども行っており、オリジナルノベルティなどの企画デザインや製作も請け負っている。, 〒 963-8023 , 福島県郡山市緑町10番17号 , 1966/9/1 , 1963/2 ,"10,000,000円","",-,-
株式会社生活コンシェル ,株式会社生活コンシェルは、総合生活支援サービス業を行なっており、サイト「生活コンビニ倶楽部」の企画や運営を行っている会社である。生活支援サービスとして、高齢者向けの宅配弁当「幸楽御膳」を配食するサービスや掃除、洗濯、ハウスクリーニングなどの家事代行サービスを展開している。また、健康食品などの企画販売も手掛けており、さらには「ナーサリールームまんまぴあ」という保育施設の運営も行っている。, 〒 963-0209 , 福島県郡山市御前南3丁目147番地 , 2010/4/16 ,"8,000,000円",梨本 義暁,http://life-con.co.jp/,-, 31名～100名 
彰和建設株式会社 ,彰和建設株式会社は、鉄骨建方一式、足場組立、クレーンなどの組み立てなど、鳶工事を行う会社である。仮設資材のリースや、鉄塔工事、各種鳶工事の計画なども請け負っている。また、機械土工事や残土処分、コンクリート工事や土工工事計画や、各種建築工事、土木工事一式を請け負っている。千葉に支店を、東京に営業所を展開している。, 〒 963-8052 , 福島県郡山市八山田4丁目127 , 2014/5 ,-,-,"",-, 11名～30名  
合同会社Ｅｉｇｈｔｈ ,合同会社Eighthは経営ｺﾝｻﾙﾃｨﾝｸﾞを行う会社である｡また､講演会･ｼﾝﾎﾟｼﾞｳﾑおよびｾﾐﾅｰ等の開催､ﾏｰｹﾃｨﾝｸﾞ･経営情報の調査収集および提供､広告宣伝の情報媒体の企画､開発および販売､並びに広告代理業､WEBｻｲﾄ･ｱﾌﾟﾘ･ｼｽﾃﾑおよび機器の企画･制作･販売､書籍･雑誌その他の印刷物および電子出版物の企画･制作･販売等も手掛けている｡, 〒 963-8002 , 福島県郡山市駅前2丁目11番1号ビッグアイ1階 , 2019/8/8 ,-,木村 和彦,https://eighth.jp/,-,-
株式会社ヒューマンズ・シップ・マネジメント ,株式会社ﾋｭｰﾏﾝｽﾞ･ｼｯﾌﾟ･ﾏﾈｼﾞﾒﾝﾄは福島県郡山市のｺﾝｻﾙﾃｨﾝｸﾞ会社である｡福島復興のため企業の成長と再生を第一として活動しており､基本的な顧客を金融機関のﾘｽｸｵﾝ先(要注意先以下)と設定し､助成金､補助金制度も提案しながら､｢難しい｣｢時間がない｣｢知らなかった｣を補完し､金融機関提出資料､財務改善､売上対策を含め企業の成長と再生をｻﾎﾟｰﾄしている｡, 〒 963-8034 , 福島県郡山市島2丁目8番30号 , 2019/8/23 ,-,三浦　直紀,https://humans-ship.co.jp/,-,-
ｃｈｉｌｌ　ｈａｉｒ ,chill hairは、郡山・開成山公園近くの美容室である。「1年後、今より美しい髪に。」をコンセプトに、「ヘッドスパ」を通じて顧客が抱える髪や頭皮、スタイルへの悩みに真摯に向き合い、顧客の理想に導く手伝いをしていく。他にも毛髪内部から表面まで数ステップに分けて丁寧に補修を行う「ヘアエステ」などのメニューもある。, 福島県郡山市開成3-9-3号モバマンション104 ,"", 2019/11 ,-,-,https://chill-hair.net/,-,-
株式会社ＡＲＴＫＲＡＦＴ ,株式会社ARTKRAFTは、車のリペア・内装補修、アルミホイール補修などを行う会社である。専門分野は車のシートの汚れや傷、アルミホイールの傷を素材に合わせて徹底補修する事と短時間でシートの汚れを徹底洗浄、除菌・抗菌する事である。高級車のためのプレミアムコーティングをはじめ、リーズナブルでありながらも高品質のコーティングも各種取り揃え、自慢の技術で客の要望に合わせた磨きを提供する。, 〒 963-0724 , 福島県郡山市田村町上行合字西川原33-3 , 2019/12 ,-,大内 康夫,https://artkraft.net/,-,-
サンズ株式会社 ,サンズ株式会社は、福島県郡山市にある新築建売の販売専門店である。郡山市をメインに、須賀川市、本宮市、岩瀬郡などの物件を複数取り扱っている。WEBサイトから、沿線・住所・地図・学区やエリア、駅、価格、面積、フリーワードで物件検索が可能で、来店予約も簡単に済ませることが出来る。, 〒 963-8846 , 福島県郡山市久留米6丁目73‐5 , 2020/2 ,-,長澤　智一,http://www.suns180.com/,-,-
株式会社アオキマネジメント ,株式会社アオキマネジメントは、経営計画やマネジメントを行う会社である。青木会計グループの一員として経営マネジメントを請け負っている。単、中、長期的な事業経営マネジメントや企業のあらゆるリスクに対するマネジメントも行う。また、資産運用やM&A、キャッシュフローおよび事業承継コンサルティングにも対応する。, 〒 963-0101 , 福島県郡山市安積町日出山3丁目71番地 , 1969/9 ,"10,000,000円",菅原　治,http://www.ac-aoki.net/index.html,-,-
エクセルツリー株式会社 ,エクセルツリー株式会社は、人材派遣を行う会社である。地域に密着し企業のニーズに合った人材の派遣を行い、きめ細かいアフターフォローも請け負っている。また、他業種で短期から長期における労務管理や工程管理、安全衛生管理などの業務請負も行う。求職者にはWebでの登録や求人情報の閲覧も提供しており、食品加工や工場、介護施設などの求人を紹介する。, 〒 963-8812 , 福島県郡山市島二丁目38番9号 , 2008/8/8 ,"25,000,000円",平石秀樹,http://exceltree.jp/, 3億～10億  , 101名～300名  
株式会社ＭＡソリューションズ ,株式会社MAソリューションズは、ソフトウェア開発、システムインテグレーション、情報システムに関わるコンサルティングなどを行っている。製造業生産管理・制御システムを構築してきたノウハウを活かし、高品質なソフトウェアをリーズナブルな価格および短納期で開発・提供している。また、高度で変化していく時代の中で製造業のIT化を進め、顧客と社会に貢献している。, 〒 963-8034 , 福島県郡山市島2-31-11 , 2003/8 ,"18,000,000円",町田 晃,http://ma-sol.com/index.html#top, 1億～3億  , 1～5名  
株式会社アイ・エム・ディ ,株式会社アイ・エム・ディは、マーケティング業務、SP支援業務、日本経済新聞社広告代理業務（他各メディア）などを行っている。顧客接点のマーケティング、メディアコンサルティング、企画広報、セールスプロモーション、WEBの活用による業務改革提案、流通・小売業なのコンサルティングなど、より効果的な販促の仕組みを提案している。関連会社は、株式会社ケンオリなど他多数。, 〒 963-0724 , 福島県郡山市田村町上行合字北川田26-3（ケンオリビル1階） , 2002/8 ,"20,000,000円",渡邉 利一,http://i-md.co.jp/, 1億～3億  , 1～5名  
エム・ティ・ケイ株式会社 ,エム・ティ・ケイ株式会社は、PTC床暖房ぽからの企画・販売を行う企業である。フローリングから畳まで様々な床に対応できる床暖房で、顧客のニーズに合ったプランを提案し数多くの実績を積み重ねている。また従来の床暖房と違い温度が上がった部分の発熱を抑え過昇温を防止する仕組みで、こもり熱の防止や省エネに役立っている。, 〒 963-8846 , 福島県郡山市久留米4丁目104番 , 2009/4 ,"30,000,000円",遠藤 隆志,http://www.mtk-web.jp/,-,-
株式会社三光設備 ,株式会社三光設備は、電力分野に関する製造業を主に行っている会社である。具体的な業務としては、電力分野・社会インフラ分野・産業分野における各種プラントなどの工事設計・計画業務等エンジニアリングを行っている。またそのほかにも、機器・材料調達、工事施工、試験調整までを一貫して展開している。海外分野では、香港支店を拠点とし、エンジニアリング及び施工面で数多くのプラント設備実績をもっている。, 〒 963-0205 , 東京都中央区銀座2-11-17 , /4 , 1931 ,"216,000,000円","", 100億～300億 , 101名～300名  
東日本カーボン株式会社 ,東日本カーボン株式会社は炭素製品の開発・販売を行う企業である。東日本唯一の炭素・黒鉛メーカーである。土状黒鉛、鱗状・鱗方状黒鉛、腎臓黒鉛、炭素同素体等の製品を取り扱っており、製品は電池・オイルシート・半導体・先端系等幅広い業界で使用されている。福島本社の他、東京に営業所を構える。関連会社に富士黒鉛工業株式会社がある。, 〒 963-0533 , 福島県郡山市日和田町八丁目字聖坊61番地 , 1969/8/8 , 1969 ,"40,000,000円","",-, 11名～30名  
富蔵建設株式会社 ,富蔵建設株式会社は、一般土木・宅地建物取引業・採石業等を行う会社である。また、一般産業廃棄物収集運搬業を担う。主な施工事例は、一般社団法人ヒューマニティー幼保学園新築工事や震災復興住宅11棟新築工事、麦の里改築工事、介護施設はなみず木新築工事等である。, 〒 963-8025 , 福島県郡山市桑野2丁目37-14 , 2013/1/11 ,"5,000,000円",鈴木 力男,http://www.tomikura-kensetu.com/index.html, 1億～3億  , 11名～30名  
株式会社東北村田製作所 ,株式会社東北村田製作所は電池事業を行う企業である。ラミネート型リチウムイオンポリマー電池、長寿命リチウムイオン電池等の設計・製造を行っている。また、ボタン・コイン型電池の無水銀化に世界で初めて成功している。福島本社の他、県内・栃木県に拠点を構えるほか、シンガポール等海外に関連生産拠点を持つ。「村田製作所」グループの一員である。, 〒 963-0531 , 福島県郡山市日和田町高倉字下杉下1番地の1 , 2017/9 ,"300,000,000円",有東 哲郎,https://www.murata.com/ja-jp/group/tohokumurata, 1000億〜  , 1001名以上  
東北健康福祉株式会社 ,東北健康福祉株式会社は児童発達支援・放課後等デイサービス施設「キッズサポートこおりやま」を運営する企業である。学校との連携・協働により、集団・個別共に充実した一貫性のある支援・療育を行う。スタッフ全員が看護師・介護福祉士等の医療・福祉の有資格者である。協力医療機関は一般財団法人脳神経疾患研究所附属総合南東北病院である。, 〒 963-8061 , 福島県郡山市富久山町福原字東17番地 , 2017/10/1 ,"3,000,000円",清水 一浩,https://www.tkf-kids.co.jp/,-, 6～10名  
東北アイスホッケークラブ株式会社 ,東北アイスホッケークラブ株式会社は、東北フリーブレイズの運営会社である。アイスホッケーのクラブチームを企業と市民によって支え、スポーツを通じた地域振興を目的としている。ホームタウンは福島県郡山市と青森県八戸市で、テクノルアイスパーク八戸がホームアリーナである。選手の育成のみならず。セカンドキャリアもバックアップする。, 〒 963-8024 , 福島県郡山市朝日3丁目7番35号 , - , 2008/10 ,-,"",-,-
有限会社フタバ装飾 ,有限会社フタバ装飾は、店舗装飾とイベント用品の会社である。オリジナル旗・のぼりを制作している。大売り出し・不動産用のぼり・飲食店用のぼりなどを取り扱っている。イベント用品では、くす玉・抽選器・はんてん・テープカット用品・パーティ用品などの商品がある。楽天市場、YAHOO!ショッピングでの販売も行なっている。, 〒 963-0001 , 福島県郡山市大町1丁目4番3号 , - ,-,渡辺健史,http://f-sight.com/futaba/,-,-
株式会社ビズネット ,有限会社ビズネットは、人材派遣と紹介予定派遣の会社である。福島県内の製造業・販売・オフィスワーク・介護などの職種に強みがある。スキルアップ研修や福利厚生でスタッフをサポートしている。雇用形態は、派遣社員・契約社員・正社員などがあり、デイサービスでの介護職・大手企業での事務職・製造業の検査業務などの実績がある。, 〒 963-8034 , 福島県郡山市島2丁目38番15号三杉ビル102 , /7/1 ,"38,000,000円",杉崎 尚弘,https://www.biz-net.co.jp/,-, 31名～100名 
株式会社ワールドネクスト ,株式会社ワールドインテック福島は、人材派遣事業を行っている会社である。同社は主に、東日本大震災において被災した方々に対し、絆づくり応援事業として、行政事務支援事業や仮設住宅入居者支援事業そして、線量測定業務・子育て支援事業などを行っている。それらを通じて、福島県の復興の為に雇用拡大を行い、貢献しているのが特徴である。, 〒 963-0107 , 福島県郡山市安積三丁目361番地 , 2012/3/16 ,"30,000,000円",本多 信二,http://witc-f.co.jp/, 10億～100億  , 6～10名  
株式会社ホンダカーズ福島 ,株式会社ホンダカーズ福島は自動車の販売・車検・修理等を行う会社である。トヨタ自動車株式会社のグループ会社の1つ。福島県内最大のHondaディーラーとして15店舗を運営。初めて同社を利用の場合、車検基本料金を30%割り引くサービスを提供。特定の機種を成約するとカーナビゲーションの割引やドライブレコーダーのプレゼント等を行う。, 〒 963-0115 , 福島県郡山市南2-2 , 1983/5 ,"220,000,000円",渡辺 広章,http://www.hondanet.co.jp/hondacars-fukushima/, 100億～300億 , 301名～1000名  
管理会計実践サポート株式会社 ,管理会計実践サポート株式会社は、管理会計・計画経営・儲かる経営で一生懸命が成果となって報われる経営のサポートを行う会社である。管理会計導入・実践サポート、経営指導業務、管理会計普及啓蒙業務、管理会計のための自計化推進支援業務などを行っている。, 〒 963-8877 , 福島県郡山市堂前町16-7 3F , 2019/4 ,-,関　洋一,https://kjs-seki.com/,-,-
株式会社ハナキグリーンセンター ,株式会社ハナキグリーンセンターは、土木工事業、装工事業 とび・土工工事業しゅんせつ工事業、水道施設工事業、郡山市下水道工事認可などの事業を行っている。道路緑化・公園整備・植栽に関しても単なる修景施設として存在するだけでなく、時代の経過とともに景観の調和や自然生態系の構成要素として注目されており、CO２削減活動・温暖化防止に取り組み、貢献し住み良い環境作りに努力している。, 〒 963-0725 , 福島県郡山市田村町金屋字新家4番地 , 2019/4 , 1978 ,-,"",-,-
株式会社ファインドメディカル ,株式会社ﾌｧｲﾝﾄﾞﾒﾃﾞｨｶﾙは｢がん予防ﾒﾃﾞｨｶﾙｸﾗﾌﾞまも~る｣の正規代理を行う会社である｡｢がん予防ﾒﾃﾞｨｶﾙｸﾗﾌﾞまも~る｣は誰もが平等にがんを早期発見できることを目的としたｻｰﾋﾞｽであり､がんﾄﾞｯｸ受診やﾄﾞｸﾀｰ相談､ｾｶﾝﾄﾞｵﾋﾟﾆｵﾝ等のｻｰﾋﾞｽを受けることができる｡, 〒 963-0117 , 福島県郡山市安積町荒井3丁目5番地 , 2019/10 ,-,川島 秀洋,https://find-medical.jp/,-,-
株式会社東北ナヴィスソリューション ,株式会社東北ﾅｳﾞｨｽｿﾘｭｰｼｮﾝは､防犯ｶﾒﾗ販売･ｽﾏﾎ決済ｻｰﾋﾞｽ販売を行っている会社である｡また､ﾎｰﾑﾍﾟｰｼﾞ販売及び制作･ｸﾞﾙﾒﾎﾟｰﾀﾙｻｲﾄ販売及び制作･ﾌﾘｰWIFI販売等幅広く展開している｡主要取引先に､株式会社ｱﾌﾟﾗｽ･株式会社OUGIYA･ｸﾘｱﾗｲﾌ株式会社などがある｡, 〒 963-8846 , 福島県郡山市久留米2丁目43-1 アメニティー1 201 , 2019/9/26 ,"2,000,000円",小森 龍成,https://tohoku-ns.co.jp/,-,-
合同会社みんなの健康 ,合同会社みんなの健康は健康食品の会員販売を行う会社である。主にAHCCなどを医療機関に販売しており、特に免疫関係の商品を扱っている。主な取扱い商品はファストザイムQ10、酵素完熟EX、黄金の風、ピュアラクティス、ルンブルの秘密、モモルディシンの奇跡、フェルゴッド、フェルゴッドEXなど。, 〒 963-0201 , 福島県郡山市大槻町字小山田75-3 サニーIII・ 101 , /9/13 ,-,山口 耕司,http://minken-japan.com/,-,-
株式会社ケンエー ,株式会社ケンエーは、静電気除去対策製品を製造・販売する会社である。静電気除去ブラシや静電気除去シートなどの静電気除去対策製品を製造・販売している。また、導電性繊維（ステンレス繊維・サンダーロンなど）、防湿袋、電磁波シールド（SSガスケットなど）などの製造も行っている。主要取引先は、京セラミタ株式会社等である。, 〒 111-0051 , 福島県郡山市田村町金屋下タ川原167-9 (郡山中央工業団地) , 1977/3/3 ,"10,000,000円",酒井 健,http://www.kenei-grp.com/, 3億～10億  , 6～10名  
矢田工業株式会社 ,矢田工業株式会社は、鋼構造物の調査・設計・製作・現場施工事業を行う。創業以来常に時代を先取りする技術力・提案力・総合力を追求し、橋梁・水門・水管橋・鉄塔・鉄骨などの鋼構造物の専門分野で、数多くの施工実績を積んでいる。とりわけ橋梁に関しては、自社売上の95%を占め、最も得意な分野としている。, 〒 963-0921 , 福島県郡山市西田町鬼生田字阿広木1番 , 1960/12 , 1949 ,"80,720,000円","", ～1億  , 1～5名  
株式会社トラスト・エンタープライズ ,警備会社向けに経営コンサルティングを行う会社, 〒 104-0033 , 福島県郡山市堂前町6-1 エム・エフ・ティビル , 2005/12 ,"10,000,000円",天間 惠美子,http://www.trustenterprise.co.jp/index.html, ～1億  , 1～5名  
株式会社アサカ商事 ,非鉄金属スクラップの回収や卸売を行う会社, 〒 351-0001 , 福島県郡山市安積町日出山3-11 , 1977/2 ,"10,000,000円",佐藤 栄二,"",-,-
有限会社ガレージコバヤシ ,米国車や中古車などの販売を行う会社, 〒 444-0004 , 福島県郡山市田村町金屋川久保94 , 1977/9 ,"3,000,000円",小林 八郎,https://ja-jp.facebook.com/pg/garekoba.okazaki/about/?ref=page_internal, ～1億  , 1～5名  
株式会社ナルコ郡山 ,株式会社ナルコ郡山はアルミハニカムパネル・ハニカムコア、溶接技術、組立加工を行う会社。超高層ビルのカーテンウォールやアーバンファニチャーなどを中心としたアルミハニカムを一貫生産している。また溶接構造物や各種アルミ加工製品の豊富な製造ノウハウに基づき、顧客にきめ細やかな技術サービスを提供している。, 〒 963-0215 , 福島県郡山市待池台1-22郡山西部第二工業団地内 , 1991/9 ,"100,000,000円",喜田 靖,http://kry.nalcoiwai.co.jp/index.html, 10億～100億  , 31名～100名 
合名会社マシマロ・ウェブ・クリエーション ,Webコンテンツの企画および編集などを行う会社, 〒 963-8025 , 福島県郡山市桑野5-3-4 国栄ビル101 , 2010/10 , 2009 ,"3,000,000円","", ～1億  , 1～5名  
福島スポーツエンタテインメント株式会社 ,プロバスケットボールチーム「福島ファイヤーボンズ」の運営を行う会社, 〒 963-8877 , 福島県郡山市堂前町1-2 石井ビル1階 , 2013/5 ,"49,100,000円",宮田 英治,https://firebonds.jp/, 1億～3億  , 1～5名  
有限会社共栄酒井保険事務所 ,生命保険および損害保険の販売を行う会社, 〒 963-8026 , 福島県郡山市並木5-10-6 , 1993/5 ,"3,000,000円",酒井 達也,"", ～1億  ,-
株式会社クルーズ ,株式会社クルーズは、自動車整備事業を行っている会社である。同社の主な事業内容として、車の内装および、外装の修理業務・車内または、椅子および、ソファーのクリーニング業務そして、椅子・ソファーの貼り替え業務が挙げられる。最新のシートクリーニング機械を導入することで、シートクリーニング全般を行うことが可能なのが強みである。, 〒 963-8834 , 福島県郡山市図景2-13-15 , 2013/6 ,"3,000,000円",古川 剛,http://tr-crews.com, ～1億  , 6～10名  
株式会社福島飼料 ,飼料の販売を行う会社, 〒 963-8833 , 福島県郡山市香久池1丁目5番11号 , 2009/10 ,"300,000円",遠藤 哲也,"", 1億～3億  ,-
株式会社一力旅館 ,株式会社一力旅館は、旅館の運営を行う会社である。1918年創業の『磐梯熱海温泉一力旅館』は、アルカリ性単純泉で神経痛・筋肉痛・関節痛に効能を持つと言われる泉質の温泉施設を持つ。150名まで収容可能な180畳の大宴会場と中小宴会場と洋式にも対応できる結婚式場がある。福島の地酒や食材を使用した料理を提供している。, 〒 963-1309 , 福島県郡山市熱海町熱海4丁目161番地 , - ,"10,000,000円",小口憲太朗,http://www.ichiriki.com/,-, 31名～100名 
郡山観光交通株式会社 ,郡山観光交通株式会社はタクシー・観光バス事業を行う企業である。福島県の観光地巡り、体験、学習等の観光貸切タクシー、貸し切りバス・日帰りバスツアーの開催等のサービスを提供している。大型・中型・小型観光バス・マイクロバス、ジャンボハイヤー・福祉車両等豊富な車種を所有している。山口タクシーグループの一員である。, 〒 963-0105 , 福島県郡山市安積町長久保1-2-7 , 1967/2/22 , 1955/10/12 ,"20,000,000円","", 3億～10億  , 101名～300名  
株式会社カーリーズバーリー ,株式会社カーリーズバーリーは化粧品の企画開発・販売を行う企業である。サロン専売ブランド「e.o.b」、「結」、「ZIZANIA」等のブランドを展開しているほか、糖鎖栄養食品「ウェルミューン糖鎖」、医療用物質生成器「滝風イオンメディック」等の販売も行っている。また、旅館・ホテルのアメニティ化粧品の提供も行っている。主要取引先は美容業界・理美容サロン等である。, 〒 963-8006 , 福島県郡山市赤木町9-21 , 1992/12 , 1978/3 ,"10,000,000円","", ～1億  , 1～5名  
株式会社　オール・セインツ ,株式会社オール・セインツは結婚式場「オール・セインツウエディング」を運営する企業である。イギリスのリバプール・ネルソンロードの独立型教会の調度品を受け継いだチャペル、ゲストハウス、マナーハウス等の設備を備える。ウェディングドレス・カラードレスのレンタルも行っている。期間限定、少人数、マタニティ、二次会等、豊富なプランがある。, 〒 963-8811 , 福島県郡山市方八町2丁目2番11号 , 2003/7 ,"10,000,000円",黒崎 正壽,http://www.all-saints.jp/, 3億～10億  , 11名～30名  
郡伸工業株式会社 ,郡伸工業株式会社はとび・土工・土木工事を行う企業である。河川・トンネル・土地造成・下水道管埋没工事等の工事に対応している。, 〒 963-8061 , 福島県郡山市富久山町福原字中之内25-1 , 2013/5 ,"50,000,000円",鈴木秀吉,https://www.kensetumap.com/company/97288/profile.php,-, 31名～100名 
株式会社組木 ,株式会社組木は店舗・住宅デザイン、施工を行う企業である。また、特注家具・什器の制作、看板工事なども行っており、デザイン・機能性に優れた空間のトータルプランニングを提供している。自社工場での制作を行うことで、途中変更・ローコストへの対応を可能にしている。住宅・店舗・事務所・ホテル・遊具等の施工実績を持つ。, 〒 963-8071 , 福島県郡山市富久山町久保田字本木12-1 , 2015/3/19 ,-,矢崎勝之,http://kumiki-jp.com/,-,-
グローバルシェア株式会社 ,グローバルシェア株式会社は陸送・自走回送サービスを行う企業である。建機リース会社専門にサービスを提供している。福島本社の他、青森県・長野県・東京都等1都13件に営業所を展開している。主要取引先は株式会社アクティオ、株式会社カナモト等である。提携パートナーに株式会社日本パートナー会計事務所・日本パートナー行政書士法人等がある。, 〒 963-8047 , 福島県郡山市富田東5-14  GS郡山富田駅前本社ビル1F , 1986/2 ,"10,000,000円",三宅 秀一郎,https://www.global-share.jp/, 3億～10億  , 101名～300名  
福島エナジー株式会社 ,福島エナジー株式会社は、福島県に於いて電気事業を行っている会社である。全国展開している株式会社ハルエネと協力して、地域創生プラン「福島でんき」を提供している。大きく分けて、シンプルプランプラス・ビジネスプランプラス・動力プランプラスの3プランがあり、それぞれさらに細かなプランが用意されている。域活性化の為、地元のさまざまな団体に収益の一部を寄付している。, 福島県郡山市富久山町久保下河原191-1 ,"", 2020/11 , 2020/11/2 ,"7,000,000円","",-,-
ＮＰＯ法人サーチドッグふくしま ,NPO法人サーチドッグふくしまは、災害救助犬を活用し災害時・平時の行方不明者の捜索を行う団体である。全国で災害救助犬活動を行っていた福島県在住のサーチドッグ活動家が福島県内での迅速な連携・捜索活動のため設立した。災害救助犬であるサーチドッグの訓練・育成・認定や防災訓練といった市民参加の催事等を行っている。, 福島県郡山市備前舘1丁目115番地 ,"", 2020/11 ,-,-,https://www.k9-fukushima.com/,-,-
